,Year,Country of Origin (ISO),Country of Origin,Country of Resettlement (ISO),Country of Resettlement,Female 0-17,Female 18-59,Female 60+,Female Total,Male 0-17,Male 18-59,Male 60+,Male Total,Grand Total
0,2017,AFG,Afghanistan,AUS,Australia,193.0,203.0,11.0,407.0,173.0,238.0,8.0,419.0,826.0
1,2017,SYR,Syrian Arab Rep.,BEL,Belgium,294.0,315.0,15.0,624.0,417.0,308.0,8.0,733.0,1357.0
2,2017,SOM,Somalia,PRT,Portugal,0.0,1.0,0.0,1.0,0.0,0.0,0.0,0.0,1.0
3,2017,SYR,Syrian Arab Rep.,MLT,Malta,4.0,4.0,0.0,8.0,2.0,1.0,0.0,3.0,11.0
4,2017,ERI,Eritrea,SWE,Sweden,108.0,186.0,10.0,304.0,136.0,197.0,18.0,351.0,655.0
5,2017,SDN,Sudan,FIN,Finland,6.0,4.0,0.0,10.0,8.0,2.0,0.0,10.0,20.0
6,2017,All others,All others,ISL,Iceland,3.0,6.0,0.0,9.0,0.0,5.0,0.0,5.0,14.0
7,2017,BTN,Bhutan,USA,United States of America,32.0,5.0,1.0,38.0,42.0,54.0,4.0,100.0,138.0
8,2017,AFG,Afghanistan,CAN,Canada,7.0,19.0,1.0,27.0,18.0,11.0,1.0,30.0,57.0
9,2017,SYR,Syrian Arab Rep.,IRL,Ireland,81.0,64.0,1.0,146.0,88.0,68.0,1.0,157.0,303.0
10,2017,ERI,Eritrea,USA,United States of America,233.0,246.0,9.0,488.0,256.0,240.0,15.0,511.0,999.0
11,2017,SDN,Sudan,FRA,France,82.0,74.0,7.0,163.0,86.0,73.0,3.0,162.0,325.0
12,2017,All others,All others,NLD,Netherlands,11.0,14.0,0.0,25.0,16.0,16.0,0.0,32.0,57.0
13,2017,SOM,Somalia,NLD,Netherlands,3.0,2.0,0.0,5.0,2.0,0.0,0.0,2.0,7.0
14,2017,SYR,Syrian Arab Rep.,ISL,Iceland,4.0,4.0,0.0,8.0,8.0,5.0,0.0,13.0,21.0
15,2017,SOM,Somalia,DEU,Germany,1.0,3.0,0.0,4.0,0.0,4.0,0.0,4.0,8.0
16,2017,IRQ,Iraq,USA,United States of America,362.0,391.0,42.0,795.0,439.0,437.0,27.0,903.0,1698.0
17,2017,IRQ,Iraq,ISL,Iceland,13.0,7.0,1.0,21.0,7.0,7.0,1.0,15.0,36.0
18,2017,IRN,Iran (Islamic Rep. of),AUS,Australia,2.0,14.0,0.0,16.0,3.0,9.0,0.0,12.0,28.0
19,2017,SDN,Sudan,GBR,United Kingdom of Great Britain and Northern Ireland,118.0,118.0,0.0,236.0,143.0,80.0,1.0,224.0,460.0
20,2017,All others,All others,URY,Uruguay,2.0,6.0,0.0,8.0,3.0,4.0,1.0,8.0,16.0
21,2017,COD,Dem. Rep. of the Congo,CAN,Canada,28.0,38.0,4.0,70.0,36.0,20.0,2.0,58.0,128.0
22,2017,All others,All others,BEL,Belgium,5.0,3.0,0.0,8.0,3.0,1.0,0.0,4.0,12.0
23,2017,SOM,Somalia,NOR,Norway,2.0,2.0,0.0,4.0,4.0,1.0,0.0,5.0,9.0
24,2017,MMR,Myanmar,AUS,Australia,64.0,77.0,3.0,144.0,70.0,99.0,2.0,171.0,315.0
25,2017,IRQ,Iraq,NLD,Netherlands,1.0,1.0,0.0,2.0,1.0,6.0,0.0,7.0,9.0
26,2017,IRQ,Iraq,DEU,Germany,2.0,3.0,0.0,5.0,3.0,2.0,0.0,5.0,10.0
27,2017,IRN,Iran (Islamic Rep. of),CAN,Canada,12.0,26.0,0.0,38.0,7.0,18.0,1.0,26.0,64.0
28,2017,SYR,Syrian Arab Rep.,DEU,Germany,869.0,924.0,97.0,1890.0,902.0,761.0,99.0,1762.0,3652.0
29,2017,All others,All others,DEU,Germany,9.0,21.0,1.0,31.0,11.0,11.0,1.0,23.0,54.0
30,2017,SOM,Somalia,NZL,New Zealand,6.0,7.0,1.0,14.0,2.0,4.0,0.0,6.0,20.0
31,2017,IRQ,Iraq,NOR,Norway,0.0,3.0,0.0,3.0,2.0,3.0,0.0,5.0,8.0
32,2017,IRQ,Iraq,FIN,Finland,1.0,2.0,0.0,3.0,1.0,1.0,0.0,2.0,5.0
33,2017,IRN,Iran (Islamic Rep. of),FRA,France,0.0,0.0,0.0,0.0,0.0,1.0,0.0,1.0,1.0
34,2017,IRQ,Iraq,NZL,New Zealand,4.0,14.0,1.0,19.0,9.0,22.0,3.0,34.0,53.0
35,2017,IRN,Iran (Islamic Rep. of),FIN,Finland,0.0,1.0,0.0,1.0,0.0,0.0,0.0,0.0,1.0
36,2017,IRN,Iran (Islamic Rep. of),GBR,United Kingdom of Great Britain and Northern Ireland,5.0,12.0,0.0,17.0,13.0,10.0,0.0,23.0,40.0
37,2017,ERI,Eritrea,ITA,Italy,55.0,71.0,3.0,129.0,68.0,64.0,9.0,141.0,270.0
38,2017,All others,All others,GBR,United Kingdom of Great Britain and Northern Ireland,65.0,100.0,4.0,169.0,89.0,64.0,6.0,159.0,328.0
39,2017,SOM,Somalia,SWE,Sweden,90.0,100.0,4.0,194.0,92.0,79.0,4.0,175.0,369.0
40,2017,SDN,Sudan,PRT,Portugal,0.0,2.0,0.0,2.0,1.0,3.0,0.0,4.0,6.0
41,2017,MMR,Myanmar,JPN,Japan,7.0,11.0,0.0,18.0,11.0,10.0,0.0,21.0,39.0
42,2017,All others,All others,LTU,Lithuania,1.0,4.0,1.0,6.0,0.0,2.0,1.0,3.0,9.0
43,2017,COD,Dem. Rep. of the Congo,AUS,Australia,354.0,291.0,14.0,659.0,360.0,275.0,12.0,647.0,1306.0
44,2017,SOM,Somalia,USA,United States of America,326.0,286.0,9.0,621.0,325.0,262.0,15.0,602.0,1237.0
45,2017,ERI,Eritrea,FIN,Finland,2.0,1.0,0.0,3.0,0.0,1.0,0.0,1.0,4.0
46,2017,SDN,Sudan,CAN,Canada,54.0,50.0,5.0,109.0,68.0,67.0,1.0,136.0,245.0
47,2017,All others,All others,SWE,Sweden,157.0,158.0,8.0,323.0,153.0,131.0,10.0,294.0,617.0
48,2017,COD,Dem. Rep. of the Congo,NLD,Netherlands,51.0,46.0,2.0,99.0,47.0,35.0,1.0,83.0,182.0
49,2017,COD,Dem. Rep. of the Congo,BEL,Belgium,39.0,48.0,3.0,90.0,30.0,48.0,1.0,79.0,169.0
50,2017,All others,All others,AUT,Austria,0.0,1.0,0.0,1.0,0.0,0.0,0.0,0.0,1.0
51,2017,SYR,Syrian Arab Rep.,ARG,Argentina,13.0,30.0,0.0,43.0,29.0,32.0,1.0,62.0,105.0
52,2017,SYR,Syrian Arab Rep.,ITA,Italy,249.0,222.0,5.0,476.0,343.0,242.0,1.0,586.0,1062.0
53,2017,IRQ,Iraq,MCO,Monaco,3.0,7.0,1.0,11.0,9.0,7.0,3.0,19.0,30.0
54,2017,IRN,Iran (Islamic Rep. of),NZL,New Zealand,1.0,3.0,0.0,4.0,2.0,4.0,0.0,6.0,10.0
55,2017,ERI,Eritrea,FRA,France,4.0,16.0,0.0,20.0,7.0,6.0,2.0,15.0,35.0
56,2017,SDN,Sudan,CHE,Switzerland,2.0,4.0,0.0,6.0,3.0,0.0,0.0,3.0,9.0
57,2017,MMR,Myanmar,NZL,New Zealand,31.0,31.0,4.0,66.0,43.0,65.0,3.0,111.0,177.0
58,2017,SYR,Syrian Arab Rep.,CYP,Cyprus,1.0,2.0,0.0,3.0,1.0,1.0,1.0,3.0,6.0
59,2017,All others,All others,CHE,Switzerland,3.0,5.0,0.0,8.0,5.0,1.0,1.0,7.0,15.0
60,2017,SYR,Syrian Arab Rep.,AUS,Australia,20.0,21.0,1.0,42.0,19.0,20.0,0.0,39.0,81.0
61,2017,SYR,Syrian Arab Rep.,LTU,Lithuania,44.0,42.0,2.0,88.0,58.0,43.0,2.0,103.0,191.0
62,2017,ERI,Eritrea,GBR,United Kingdom of Great Britain and Northern Ireland,15.0,9.0,0.0,24.0,14.0,4.0,0.0,18.0,42.0
63,2017,ERI,Eritrea,CAN,Canada,129.0,143.0,7.0,279.0,124.0,115.0,11.0,250.0,529.0
64,2017,SDN,Sudan,NLD,Netherlands,1.0,2.0,0.0,3.0,4.0,0.0,0.0,4.0,7.0
65,2017,SDN,Sudan,DEU,Germany,36.0,29.0,0.0,65.0,33.0,27.0,0.0,60.0,125.0
66,2017,MMR,Myanmar,SWE,Sweden,1.0,1.0,0.0,2.0,2.0,1.0,0.0,3.0,5.0
67,2017,All others,All others,FIN,Finland,7.0,15.0,0.0,22.0,10.0,14.0,0.0,24.0,46.0
68,2017,SYR,Syrian Arab Rep.,AUT,Austria,63.0,63.0,1.0,127.0,67.0,57.0,2.0,126.0,253.0
69,2017,SDN,Sudan,NOR,Norway,6.0,4.0,0.0,10.0,6.0,3.0,0.0,9.0,19.0
70,2017,MMR,Myanmar,USA,United States of America,1042.0,1161.0,38.0,2241.0,1025.0,1367.0,28.0,2420.0,4661.0
71,2017,All others,All others,FRA,France,124.0,107.0,3.0,234.0,112.0,112.0,1.0,226.0,460.0
72,2017,COD,Dem. Rep. of the Congo,FRA,France,5.0,7.0,0.0,12.0,11.0,4.0,0.0,15.0,27.0
73,2017,AFG,Afghanistan,NLD,Netherlands,0.0,0.0,0.0,0.0,1.0,0.0,0.0,1.0,1.0
74,2017,SYR,Syrian Arab Rep.,SWE,Sweden,715.0,598.0,43.0,1356.0,895.0,597.0,27.0,1519.0,2875.0
75,2017,SYR,Syrian Arab Rep.,NLD,Netherlands,699.0,611.0,39.0,1349.0,780.0,672.0,34.0,1486.0,2835.0
76,2017,SOM,Somalia,CAN,Canada,88.0,95.0,4.0,187.0,99.0,68.0,2.0,169.0,356.0
77,2017,SYR,Syrian Arab Rep.,ESP,Spain,334.0,279.0,4.0,617.0,448.0,297.0,7.0,752.0,1369.0
78,2017,ERI,Eritrea,DEU,Germany,0.0,4.0,0.0,4.0,3.0,7.0,0.0,10.0,14.0
79,2017,COD,Dem. Rep. of the Congo,SWE,Sweden,255.0,232.0,13.0,500.0,221.0,164.0,3.0,388.0,888.0
80,2017,SDN,Sudan,AUS,Australia,5.0,5.0,0.0,10.0,10.0,23.0,0.0,33.0,43.0
81,2017,All others,All others,KOR,Rep. of Korea,0.0,0.0,0.0,0.0,0.0,24.0,0.0,24.0,24.0
82,2017,COD,Dem. Rep. of the Congo,GBR,United Kingdom of Great Britain and Northern Ireland,55.0,82.0,4.0,141.0,62.0,59.0,1.0,122.0,263.0
83,2017,SYR,Syrian Arab Rep.,CAN,Canada,383.0,234.0,9.0,626.0,424.0,267.0,10.0,701.0,1327.0
84,2017,SYR,Syrian Arab Rep.,USA,United States of America,1089.0,793.0,27.0,1909.0,1137.0,840.0,56.0,2033.0,3942.0
85,2017,SYR,Syrian Arab Rep.,NOR,Norway,816.0,573.0,22.0,1411.0,1015.0,567.0,9.0,1591.0,3002.0
86,2017,SYR,Syrian Arab Rep.,EST,Estonia,33.0,34.0,3.0,70.0,38.0,34.0,1.0,73.0,143.0
87,2017,IRQ,Iraq,CAN,Canada,80.0,104.0,16.0,200.0,91.0,99.0,11.0,201.0,401.0
88,2017,IRN,Iran (Islamic Rep. of),NLD,Netherlands,0.0,1.0,0.0,1.0,0.0,2.0,0.0,2.0,3.0
89,2017,SDN,Sudan,SWE,Sweden,43.0,41.0,3.0,87.0,40.0,49.0,1.0,90.0,177.0
90,2017,COD,Dem. Rep. of the Congo,USA,United States of America,2559.0,2243.0,185.0,4987.0,2493.0,2126.0,149.0,4768.0,9759.0
91,2017,SDN,Sudan,BEL,Belgium,1.0,0.0,0.0,1.0,0.0,0.0,0.0,0.0,1.0
92,2017,MMR,Myanmar,KOR,Rep. of Korea,9.0,8.0,0.0,17.0,17.0,8.0,0.0,25.0,42.0
93,2017,All others,All others,NZL,New Zealand,77.0,106.0,2.0,185.0,71.0,81.0,1.0,153.0,338.0
94,2017,SYR,Syrian Arab Rep.,CHE,Switzerland,339.0,273.0,11.0,623.0,396.0,281.0,7.0,684.0,1307.0
95,2017,All others,All others,AUS,Australia,134.0,167.0,6.0,307.0,108.0,154.0,2.0,264.0,571.0
96,2017,SYR,Syrian Arab Rep.,NZL,New Zealand,205.0,113.0,5.0,323.0,229.0,123.0,3.0,355.0,678.0
97,2017,IRQ,Iraq,LUX,Luxembourg,0.0,0.0,0.0,0.0,0.0,2.0,0.0,2.0,2.0
98,2017,IRQ,Iraq,CHE,Switzerland,0.0,1.0,0.0,1.0,0.0,0.0,0.0,0.0,1.0
99,2017,SDN,Sudan,USA,United States of America,220.0,177.0,4.0,401.0,265.0,217.0,4.0,486.0,887.0
100,2017,ERI,Eritrea,AUS,Australia,81.0,118.0,1.0,200.0,80.0,99.0,7.0,186.0,386.0
101,2017,COD,Dem. Rep. of the Congo,NOR,Norway,7.0,8.0,0.0,15.0,8.0,8.0,0.0,16.0,31.0
102,2017,SYR,Syrian Arab Rep.,CHL,Chile,20.0,22.0,0.0,42.0,29.0,24.0,0.0,53.0,95.0
103,2017,All others,All others,CAN,Canada,240.0,205.0,9.0,454.0,242.0,208.0,5.0,455.0,909.0
104,2017,SYR,Syrian Arab Rep.,PRT,Portugal,63.0,37.0,1.0,101.0,76.0,44.0,0.0,120.0,221.0
105,2017,SOM,Somalia,AUS,Australia,25.0,72.0,3.0,100.0,32.0,39.0,0.0,71.0,171.0
106,2017,COD,Dem. Rep. of the Congo,NZL,New Zealand,0.0,1.0,0.0,1.0,1.0,1.0,0.0,2.0,3.0
107,2017,COD,Dem. Rep. of the Congo,FIN,Finland,51.0,38.0,0.0,89.0,54.0,37.0,0.0,91.0,180.0
108,2017,All others,All others,EST,Estonia,2.0,2.0,0.0,4.0,1.0,1.0,0.0,2.0,6.0
109,2017,SYR,Syrian Arab Rep.,ROU,Romania,13.0,8.0,0.0,21.0,13.0,14.0,0.0,27.0,48.0
110,2017,SYR,Syrian Arab Rep.,LVA,Latvia,12.0,14.0,0.0,26.0,25.0,14.0,0.0,39.0,65.0
111,2017,IRQ,Iraq,FRA,France,4.0,6.0,1.0,11.0,5.0,9.0,0.0,14.0,25.0
112,2017,BTN,Bhutan,AUS,Australia,0.0,0.0,0.0,0.0,1.0,0.0,0.0,1.0,1.0
113,2017,SYR,Syrian Arab Rep.,SVN,Slovenia,19.0,13.0,1.0,33.0,20.0,13.0,1.0,34.0,67.0
114,2017,SOM,Somalia,GBR,United Kingdom of Great Britain and Northern Ireland,68.0,89.0,6.0,163.0,72.0,32.0,0.0,104.0,267.0
115,2017,SYR,Syrian Arab Rep.,HRV,Croatia,40.0,36.0,0.0,76.0,44.0,35.0,2.0,81.0,157.0
116,2017,IRQ,Iraq,GBR,United Kingdom of Great Britain and Northern Ireland,167.0,184.0,8.0,359.0,171.0,114.0,6.0,291.0,650.0
117,2017,IRQ,Iraq,AUS,Australia,3.0,14.0,1.0,18.0,18.0,10.0,1.0,29.0,47.0
118,2017,All others,All others,ITA,Italy,6.0,21.0,0.0,27.0,16.0,11.0,2.0,29.0,56.0
119,2017,AFG,Afghanistan,NOR,Norway,1.0,1.0,0.0,2.0,1.0,0.0,0.0,1.0,3.0
120,2017,IRQ,Iraq,SWE,Sweden,9.0,18.0,4.0,31.0,10.0,14.0,1.0,25.0,56.0
121,2017,IRQ,Iraq,IRL,Ireland,0.0,2.0,0.0,2.0,0.0,3.0,0.0,3.0,5.0
122,2017,IRN,Iran (Islamic Rep. of),LUX,Luxembourg,0.0,0.0,0.0,0.0,0.0,1.0,0.0,1.0,1.0
123,2017,ERI,Eritrea,NLD,Netherlands,1.0,1.0,0.0,2.0,0.0,0.0,0.0,0.0,2.0
124,2017,All others,All others,NOR,Norway,14.0,12.0,0.0,26.0,16.0,8.0,0.0,24.0,50.0
125,2017,AFG,Afghanistan,NZL,New Zealand,10.0,4.0,0.0,14.0,5.0,8.0,1.0,14.0,28.0
126,2017,AFG,Afghanistan,FIN,Finland,2.0,1.0,1.0,4.0,3.0,4.0,0.0,7.0,11.0
127,2017,SYR,Syrian Arab Rep.,FIN,Finland,161.0,139.0,1.0,301.0,203.0,156.0,4.0,363.0,664.0
128,2017,IRQ,Iraq,ITA,Italy,0.0,1.0,0.0,1.0,0.0,3.0,0.0,3.0,4.0
129,2017,IRN,Iran (Islamic Rep. of),NOR,Norway,0.0,1.0,0.0,1.0,0.0,0.0,0.0,0.0,1.0
130,2017,ERI,Eritrea,NOR,Norway,3.0,1.0,0.0,4.0,3.0,1.0,0.0,4.0,8.0
131,2017,MMR,Myanmar,NOR,Norway,1.0,1.0,0.0,2.0,2.0,1.0,0.0,3.0,5.0
132,2017,All others,All others,USA,United States of America,436.0,598.0,21.0,1055.0,447.0,476.0,16.0,939.0,1994.0
133,2017,AFG,Afghanistan,SWE,Sweden,56.0,126.0,7.0,189.0,94.0,23.0,2.0,119.0,308.0
134,2017,AFG,Afghanistan,FRA,France,0.0,1.0,0.0,1.0,1.0,0.0,0.0,1.0,2.0
135,2017,All others,All others,BRA,Brazil,0.0,0.0,0.0,0.0,0.0,2.0,0.0,2.0,2.0
136,2017,SOM,Somalia,FIN,Finland,7.0,4.0,0.0,11.0,1.0,2.0,0.0,3.0,14.0
137,2017,SYR,Syrian Arab Rep.,FRA,France,1033.0,898.0,37.0,1968.0,1259.0,948.0,32.0,2239.0,4207.0
138,2017,IRN,Iran (Islamic Rep. of),SWE,Sweden,1.0,1.0,0.0,2.0,0.0,3.0,0.0,3.0,5.0
139,2017,ERI,Eritrea,NZL,New Zealand,0.0,0.0,0.0,0.0,2.0,0.0,0.0,2.0,2.0
140,2017,AFG,Afghanistan,USA,United States of America,204.0,197.0,11.0,412.0,217.0,199.0,12.0,428.0,840.0
141,2017,AFG,Afghanistan,GBR,United Kingdom of Great Britain and Northern Ireland,28.0,28.0,0.0,56.0,25.0,15.0,0.0,40.0,96.0
142,2017,All others,All others,ESP,Spain,0.0,1.0,0.0,1.0,2.0,1.0,0.0,3.0,4.0
143,2017,SYR,Syrian Arab Rep.,LUX,Luxembourg,58.0,46.0,4.0,108.0,50.0,57.0,1.0,108.0,216.0
144,2017,SOM,Somalia,FRA,France,48.0,25.0,0.0,73.0,39.0,13.0,0.0,52.0,125.0
145,2017,SYR,Syrian Arab Rep.,GBR,United Kingdom of Great Britain and Northern Ireland,1585.0,1742.0,81.0,3408.0,1935.0,1638.0,91.0,3664.0,7072.0
146,2017,IRN,Iran (Islamic Rep. of),DEU,Germany,1.0,1.0,0.0,2.0,2.0,0.0,0.0,2.0,4.0
147,2017,IRN,Iran (Islamic Rep. of),USA,United States of America,51.0,184.0,13.0,248.0,72.0,293.0,14.0,379.0,627.0
148,2017,ERI,Eritrea,PRT,Portugal,0.0,0.0,0.0,0.0,0.0,1.0,0.0,1.0,1.0
149,2017,MMR,Myanmar,CAN,Canada,22.0,22.0,3.0,47.0,25.0,25.0,5.0,55.0,102.0
150,2018,IRQ,Iraq,NZL,New Zealand,2.0,3.0,0.0,5.0,0.0,4.0,0.0,4.0,9.0
151,2018,IRN,Iran (Islamic Rep. of),GBR,United Kingdom of Great Britain and Northern Ireland,4.0,7.0,0.0,11.0,6.0,7.0,0.0,13.0,24.0
152,2018,ERI,Eritrea,ITA,Italy,0.0,3.0,0.0,3.0,1.0,6.0,0.0,7.0,10.0
153,2018,All others,All others,ISL,Iceland,1.0,4.0,0.0,5.0,1.0,14.0,0.0,15.0,20.0
154,2018,SYR,Syrian Arab Rep.,BGR,Bulgaria,24.0,10.0,1.0,35.0,20.0,11.0,0.0,31.0,66.0
155,2018,SOM,Somalia,SWE,Sweden,40.0,54.0,2.0,96.0,43.0,40.0,1.0,84.0,184.0
156,2018,SDN,Sudan,PRT,Portugal,13.0,12.0,0.0,25.0,9.0,11.0,0.0,20.0,45.0
157,2018,MMR,Myanmar,JPN,Japan,9.0,8.0,1.0,18.0,8.0,11.0,0.0,19.0,37.0
158,2018,All others,All others,NOR,Norway,29.0,19.0,1.0,49.0,26.0,18.0,0.0,44.0,93.0
159,2018,COD,Dem. Rep. of the Congo,AUS,Australia,689.0,485.0,20.0,1194.0,709.0,458.0,16.0,1183.0,2377.0
160,2018,SOM,Somalia,USA,United States of America,71.0,53.0,1.0,125.0,80.0,36.0,1.0,117.0,242.0
161,2018,ERI,Eritrea,FIN,Finland,1.0,24.0,0.0,25.0,2.0,30.0,0.0,32.0,57.0
162,2018,SDN,Sudan,CAN,Canada,135.0,142.0,2.0,279.0,140.0,172.0,4.0,316.0,605.0
163,2018,All others,All others,URY,Uruguay,4.0,6.0,0.0,10.0,2.0,6.0,0.0,8.0,18.0
164,2018,COD,Dem. Rep. of the Congo,NLD,Netherlands,51.0,47.0,0.0,98.0,56.0,34.0,2.0,92.0,190.0
165,2018,SYR,Syrian Arab Rep.,ARG,Argentina,3.0,1.0,0.0,4.0,4.0,1.0,0.0,5.0,9.0
166,2018,SYR,Syrian Arab Rep.,ITA,Italy,130.0,101.0,0.0,231.0,144.0,108.0,1.0,253.0,484.0
167,2018,ERI,Eritrea,FRA,France,7.0,57.0,0.0,64.0,7.0,221.0,0.0,228.0,323.0
168,2018,SDN,Sudan,ISL,Iceland,0.0,1.0,0.0,1.0,0.0,1.0,0.0,1.0,2.0
169,2018,SDN,Sudan,CHE,Switzerland,0.0,1.0,0.0,1.0,3.0,1.0,0.0,4.0,5.0
170,2018,MMR,Myanmar,NZL,New Zealand,29.0,18.0,1.0,48.0,21.0,9.0,1.0,31.0,79.0
171,2018,All others,All others,BRA,Brazil,1.0,1.0,0.0,2.0,0.0,4.0,0.0,4.0,6.0
172,2018,SYR,Syrian Arab Rep.,AUS,Australia,15.0,10.0,1.0,26.0,21.0,11.0,1.0,33.0,59.0
173,2018,SYR,Syrian Arab Rep.,LTU,Lithuania,6.0,2.0,0.0,8.0,3.0,2.0,0.0,5.0,13.0
174,2018,ERI,Eritrea,GBR,United Kingdom of Great Britain and Northern Ireland,46.0,41.0,2.0,89.0,61.0,20.0,2.0,83.0,175.0
175,2018,ERI,Eritrea,CAN,Canada,27.0,58.0,3.0,88.0,24.0,107.0,3.0,134.0,249.0
176,2018,SDN,Sudan,NLD,Netherlands,31.0,27.0,1.0,59.0,31.0,28.0,0.0,59.0,118.0
177,2018,MMR,Myanmar,SWE,Sweden,2.0,0.0,0.0,2.0,0.0,0.0,0.0,0.0,2.0
178,2018,All others,All others,ESP,Spain,0.0,0.0,1.0,1.0,0.0,1.0,0.0,1.0,2.0
179,2018,IRQ,Iraq,FRA,France,2.0,7.0,0.0,9.0,2.0,6.0,0.0,8.0,17.0
180,2018,ERI,Eritrea,CHE,Switzerland,2.0,39.0,1.0,42.0,9.0,12.0,0.0,21.0,69.0
181,2018,SDN,Sudan,NOR,Norway,30.0,31.0,2.0,63.0,38.0,27.0,0.0,65.0,128.0
182,2018,MMR,Myanmar,USA,United States of America,543.0,449.0,11.0,1003.0,661.0,493.0,8.0,1162.0,2165.0
183,2018,All others,All others,GBR,United Kingdom of Great Britain and Northern Ireland,88.0,116.0,10.0,214.0,112.0,91.0,3.0,206.0,421.0
184,2018,COD,Dem. Rep. of the Congo,FRA,France,6.0,3.0,0.0,9.0,7.0,3.0,0.0,10.0,19.0
185,2018,AFG,Afghanistan,NLD,Netherlands,0.0,1.0,0.0,1.0,0.0,0.0,0.0,0.0,1.0
186,2018,SYR,Syrian Arab Rep.,SWE,Sweden,525.0,464.0,44.0,1033.0,638.0,456.0,24.0,1118.0,2151.0
187,2018,SYR,Syrian Arab Rep.,NLD,Netherlands,546.0,535.0,23.0,1104.0,675.0,572.0,32.0,1279.0,2383.0
188,2018,SOM,Somalia,CAN,Canada,563.0,506.0,17.0,1086.0,615.0,406.0,20.0,1041.0,2130.0
189,2018,SYR,Syrian Arab Rep.,ESP,Spain,289.0,233.0,7.0,529.0,346.0,244.0,6.0,596.0,1125.0
190,2018,IRQ,Iraq,PRT,Portugal,18.0,39.0,1.0,58.0,21.0,29.0,0.0,50.0,108.0
191,2018,ERI,Eritrea,MLT,Malta,0.0,4.0,0.0,4.0,1.0,0.0,0.0,1.0,5.0
192,2018,ERI,Eritrea,DEU,Germany,19.0,79.0,0.0,98.0,45.0,133.0,0.0,178.0,281.0
193,2018,COD,Dem. Rep. of the Congo,SWE,Sweden,126.0,124.0,3.0,253.0,112.0,88.0,5.0,205.0,458.0
194,2018,SDN,Sudan,AUS,Australia,4.0,2.0,0.0,6.0,0.0,1.0,0.0,1.0,7.0
195,2018,All others,All others,NLD,Netherlands,15.0,23.0,0.0,38.0,20.0,19.0,0.0,39.0,77.0
196,2018,COD,Dem. Rep. of the Congo,GBR,United Kingdom of Great Britain and Northern Ireland,37.0,47.0,4.0,88.0,34.0,40.0,1.0,75.0,163.0
197,2018,SYR,Syrian Arab Rep.,CAN,Canada,1545.0,1090.0,65.0,2700.0,1701.0,1075.0,32.0,2808.0,5508.0
198,2018,SYR,Syrian Arab Rep.,USA,United States of America,28.0,17.0,1.0,46.0,26.0,13.0,0.0,39.0,85.0
199,2018,SYR,Syrian Arab Rep.,NOR,Norway,303.0,273.0,7.0,583.0,391.0,230.0,8.0,629.0,1212.0
200,2018,SYR,Syrian Arab Rep.,EST,Estonia,22.0,17.0,1.0,40.0,30.0,18.0,0.0,48.0,88.0
201,2018,IRQ,Iraq,CAN,Canada,197.0,298.0,36.0,531.0,198.0,290.0,30.0,518.0,1049.0
202,2018,IRN,Iran (Islamic Rep. of),NLD,Netherlands,0.0,3.0,0.0,3.0,0.0,0.0,0.0,0.0,3.0
203,2018,SDN,Sudan,SWE,Sweden,59.0,62.0,1.0,122.0,69.0,61.0,2.0,132.0,254.0
204,2018,COD,Dem. Rep. of the Congo,USA,United States of America,4208.0,3499.0,226.0,7933.0,4256.0,3299.0,200.0,7755.0,15688.0
205,2018,MMR,Myanmar,KOR,Rep. of Korea,14.0,21.0,2.0,37.0,14.0,27.0,0.0,41.0,78.0
206,2018,All others,All others,SWE,Sweden,145.0,163.0,6.0,314.0,157.0,152.0,0.0,309.0,675.0
207,2018,SYR,Syrian Arab Rep.,CHE,Switzerland,268.0,222.0,7.0,497.0,336.0,213.0,6.0,555.0,1052.0
208,2018,SYR,Syrian Arab Rep.,NZL,New Zealand,71.0,45.0,2.0,118.0,70.0,50.0,2.0,122.0,240.0
209,2018,SDN,Sudan,USA,United States of America,160.0,95.0,1.0,256.0,172.0,78.0,5.0,255.0,511.0
210,2018,ERI,Eritrea,AUS,Australia,56.0,52.0,0.0,108.0,65.0,29.0,0.0,94.0,202.0
211,2018,All others,All others,BEL,Belgium,3.0,2.0,0.0,5.0,1.0,2.0,0.0,3.0,13.0
212,2018,COD,Dem. Rep. of the Congo,NOR,Norway,310.0,303.0,10.0,623.0,343.0,238.0,7.0,588.0,1211.0
213,2018,SYR,Syrian Arab Rep.,PRT,Portugal,47.0,61.0,6.0,114.0,85.0,64.0,3.0,152.0,266.0
214,2018,SOM,Somalia,AUS,Australia,1.0,2.0,0.0,3.0,7.0,4.0,0.0,11.0,14.0
215,2018,All others,All others,DEU,Germany,6.0,7.0,1.0,14.0,0.0,4.0,1.0,5.0,21.0
216,2018,COD,Dem. Rep. of the Congo,NZL,New Zealand,24.0,26.0,3.0,53.0,26.0,25.0,2.0,53.0,106.0
217,2018,COD,Dem. Rep. of the Congo,FIN,Finland,35.0,34.0,1.0,70.0,35.0,35.0,2.0,72.0,142.0
218,2018,SYR,Syrian Arab Rep.,LVA,Latvia,1.0,1.0,0.0,2.0,1.0,1.0,0.0,2.0,4.0
219,2018,IRN,Iran (Islamic Rep. of),USA,United States of America,17.0,51.0,1.0,69.0,19.0,84.0,1.0,104.0,173.0
220,2018,ERI,Eritrea,PRT,Portugal,3.0,3.0,0.0,6.0,5.0,0.0,0.0,5.0,11.0
221,2018,MMR,Myanmar,CAN,Canada,63.0,67.0,3.0,133.0,84.0,76.0,1.0,161.0,294.0
222,2018,All others,All others,FRA,France,154.0,152.0,7.0,313.0,158.0,137.0,7.0,302.0,733.0
223,2018,BTN,Bhutan,AUS,Australia,0.0,0.0,0.0,0.0,1.0,0.0,0.0,1.0,1.0
224,2018,SOM,Somalia,GBR,United Kingdom of Great Britain and Northern Ireland,68.0,89.0,1.0,158.0,87.0,47.0,2.0,136.0,295.0
225,2018,SYR,Syrian Arab Rep.,HRV,Croatia,85.0,73.0,1.0,159.0,87.0,83.0,1.0,171.0,330.0
226,2018,IRQ,Iraq,GBR,United Kingdom of Great Britain and Northern Ireland,121.0,150.0,12.0,283.0,153.0,116.0,11.0,280.0,563.0
227,2018,IRQ,Iraq,AUS,Australia,4.0,5.0,0.0,9.0,3.0,3.0,0.0,6.0,15.0
228,2018,IRN,Iran (Islamic Rep. of),ITA,Italy,0.0,3.0,0.0,3.0,0.0,0.0,0.0,0.0,3.0
229,2018,All others,All others,KOR,Rep. of Korea,0.0,0.0,0.0,0.0,0.0,12.0,0.0,12.0,12.0
230,2018,AFG,Afghanistan,NOR,Norway,0.0,1.0,0.0,1.0,0.0,2.0,0.0,2.0,3.0
231,2018,SOM,Somalia,CHE,Switzerland,0.0,7.0,0.0,7.0,0.0,1.0,0.0,1.0,10.0
232,2018,IRQ,Iraq,SWE,Sweden,14.0,23.0,5.0,42.0,17.0,14.0,1.0,32.0,74.0
233,2018,IRQ,Iraq,IRL,Ireland,0.0,1.0,0.0,1.0,2.0,2.0,0.0,4.0,5.0
234,2018,ERI,Eritrea,NLD,Netherlands,5.0,11.0,1.0,17.0,7.0,29.0,0.0,36.0,53.0
235,2018,All others,All others,PRT,Portugal,16.0,26.0,0.0,42.0,26.0,12.0,1.0,39.0,81.0
236,2018,AFG,Afghanistan,NZL,New Zealand,46.0,79.0,1.0,126.0,43.0,34.0,3.0,80.0,206.0
237,2018,AFG,Afghanistan,FIN,Finland,2.0,3.0,0.0,5.0,2.0,1.0,0.0,3.0,8.0
238,2018,SYR,Syrian Arab Rep.,FIN,Finland,176.0,132.0,3.0,311.0,162.0,151.0,4.0,317.0,628.0
239,2018,IRN,Iran (Islamic Rep. of),NOR,Norway,0.0,3.0,0.0,3.0,0.0,1.0,0.0,1.0,4.0
240,2018,ERI,Eritrea,NOR,Norway,10.0,21.0,0.0,31.0,9.0,13.0,0.0,22.0,53.0
241,2018,All others,All others,AUS,Australia,310.0,292.0,7.0,609.0,295.0,261.0,10.0,566.0,1175.0
242,2018,AFG,Afghanistan,SWE,Sweden,112.0,175.0,10.0,297.0,95.0,45.0,5.0,145.0,442.0
243,2018,AFG,Afghanistan,FRA,France,2.0,2.0,0.0,4.0,2.0,6.0,0.0,8.0,12.0
244,2018,SOM,Somalia,FIN,Finland,0.0,2.0,0.0,2.0,0.0,3.0,0.0,3.0,5.0
245,2018,SYR,Syrian Arab Rep.,FRA,France,753.0,610.0,29.0,1392.0,895.0,635.0,20.0,1550.0,2943.0
246,2018,IRN,Iran (Islamic Rep. of),SWE,Sweden,2.0,7.0,0.0,9.0,1.0,11.0,0.0,12.0,21.0
247,2018,ERI,Eritrea,NZL,New Zealand,31.0,48.0,1.0,80.0,28.0,66.0,0.0,94.0,174.0
248,2018,ERI,Eritrea,BEL,Belgium,2.0,13.0,0.0,15.0,4.0,14.0,0.0,18.0,34.0
249,2018,All others,All others,CHE,Switzerland,0.0,1.0,0.0,1.0,0.0,0.0,1.0,1.0,2.0
250,2018,AFG,Afghanistan,USA,United States of America,610.0,745.0,33.0,1388.0,673.0,655.0,32.0,1360.0,2748.0
251,2018,AFG,Afghanistan,GBR,United Kingdom of Great Britain and Northern Ireland,39.0,64.0,3.0,106.0,40.0,35.0,1.0,76.0,182.0
252,2018,SOM,Somalia,FRA,France,9.0,22.0,0.0,31.0,5.0,26.0,0.0,31.0,71.0
253,2018,SYR,Syrian Arab Rep.,GBR,United Kingdom of Great Britain and Northern Ireland,975.0,974.0,50.0,1999.0,1129.0,920.0,31.0,2080.0,4079.0
254,2018,All others,All others,FIN,Finland,2.0,3.0,1.0,6.0,1.0,11.0,0.0,12.0,18.0
255,2018,AFG,Afghanistan,AUS,Australia,12.0,24.0,1.0,37.0,16.0,13.0,2.0,31.0,68.0
256,2018,SYR,Syrian Arab Rep.,BEL,Belgium,247.0,247.0,13.0,507.0,296.0,273.0,10.0,579.0,1086.0
257,2018,SOM,Somalia,PRT,Portugal,2.0,1.0,0.0,3.0,2.0,0.0,0.0,2.0,5.0
258,2018,SOM,Somalia,BEL,Belgium,1.0,4.0,0.0,5.0,3.0,4.0,0.0,7.0,12.0
259,2018,ERI,Eritrea,SWE,Sweden,96.0,157.0,4.0,257.0,130.0,310.0,4.0,444.0,706.0
260,2018,SDN,Sudan,FIN,Finland,1.0,4.0,0.0,5.0,0.0,0.0,0.0,0.0,12.0
261,2018,All others,All others,ITA,Italy,2.0,6.0,0.0,8.0,2.0,4.0,0.0,6.0,14.0
262,2018,BTN,Bhutan,USA,United States of America,0.0,0.0,0.0,0.0,2.0,0.0,0.0,2.0,2.0
263,2018,AFG,Afghanistan,CAN,Canada,70.0,82.0,7.0,159.0,64.0,94.0,8.0,166.0,325.0
264,2018,SYR,Syrian Arab Rep.,IRL,Ireland,87.0,83.0,1.0,171.0,125.0,93.0,0.0,218.0,389.0
265,2018,IRQ,Iraq,BEL,Belgium,0.0,1.0,0.0,1.0,0.0,0.0,0.0,0.0,1.0
266,2018,ERI,Eritrea,USA,United States of America,459.0,411.0,11.0,881.0,573.0,418.0,14.0,1005.0,1886.0
267,2018,SDN,Sudan,FRA,France,204.0,187.0,10.0,401.0,210.0,174.0,11.0,395.0,807.0
268,2018,All others,All others,NZL,New Zealand,103.0,126.0,6.0,235.0,121.0,106.0,8.0,235.0,470.0
269,2018,COD,Dem. Rep. of the Congo,ISL,Iceland,0.0,1.0,0.0,1.0,0.0,2.0,0.0,2.0,3.0
270,2018,SOM,Somalia,NLD,Netherlands,5.0,11.0,2.0,18.0,3.0,7.0,0.0,10.0,28.0
271,2018,SYR,Syrian Arab Rep.,ISL,Iceland,9.0,13.0,0.0,22.0,27.0,12.0,0.0,39.0,61.0
272,2018,SOM,Somalia,DEU,Germany,3.0,17.0,0.0,20.0,11.0,14.0,0.0,25.0,47.0
273,2018,IRQ,Iraq,USA,United States of America,172.0,264.0,35.0,471.0,188.0,285.0,31.0,504.0,975.0
274,2018,IRN,Iran (Islamic Rep. of),AUS,Australia,2.0,3.0,0.0,5.0,0.0,4.0,0.0,4.0,9.0
275,2018,SDN,Sudan,GBR,United Kingdom of Great Britain and Northern Ireland,107.0,87.0,2.0,196.0,124.0,63.0,1.0,188.0,384.0
276,2018,All others,All others,USA,United States of America,1177.0,1068.0,43.0,2288.0,1216.0,995.0,21.0,2232.0,4551.0
277,2018,COD,Dem. Rep. of the Congo,CAN,Canada,393.0,321.0,23.0,737.0,396.0,299.0,18.0,713.0,1450.0
278,2018,SOM,Somalia,NOR,Norway,2.0,1.0,0.0,3.0,2.0,0.0,0.0,2.0,5.0
279,2018,MMR,Myanmar,AUS,Australia,61.0,75.0,5.0,141.0,74.0,78.0,2.0,154.0,295.0
280,2018,IRQ,Iraq,NLD,Netherlands,2.0,4.0,0.0,6.0,3.0,3.0,0.0,6.0,12.0
281,2018,IRN,Iran (Islamic Rep. of),CAN,Canada,26.0,98.0,3.0,127.0,26.0,95.0,5.0,126.0,253.0
282,2018,SDN,Sudan,ITA,Italy,8.0,3.0,0.0,11.0,7.0,11.0,0.0,18.0,29.0
283,2018,All others,All others,CAN,Canada,524.0,631.0,10.0,1165.0,511.0,602.0,22.0,1135.0,2401.0
284,2018,SYR,Syrian Arab Rep.,DEU,Germany,1013.0,890.0,66.0,1969.0,1096.0,810.0,53.0,1959.0,3928.0
285,2018,SOM,Somalia,NZL,New Zealand,6.0,4.0,1.0,11.0,3.0,4.0,0.0,7.0,18.0
286,2018,IRQ,Iraq,NOR,Norway,2.0,3.0,0.0,5.0,4.0,1.0,0.0,5.0,10.0
287,2018,IRN,Iran (Islamic Rep. of),FRA,France,0.0,0.0,0.0,0.0,0.0,1.0,0.0,1.0,1.0
288,2019,COD,Dem. Rep. of the Congo,FIN,Finland,42.0,25.0,3.0,70.0,44.0,31.0,1.0,76.0,146.0
289,2019,IRQ,Iraq,FRA,France,0.0,0.0,0.0,0.0,0.0,1.0,0.0,1.0,1.0
290,2019,ERI,Eritrea,CHE,Switzerland,3.0,3.0,0.0,6.0,18.0,2.0,0.0,20.0,26.0
291,2019,SDN,Sudan,NOR,Norway,46.0,61.0,1.0,108.0,62.0,31.0,0.0,93.0,201.0
292,2019,COD,Dem. Rep. of the Congo,NZL,New Zealand,36.0,48.0,3.0,87.0,36.0,41.0,3.0,80.0,167.0
293,2019,MMR,Myanmar,USA,United States of America,527.0,278.0,18.0,823.0,613.0,280.0,12.0,905.0,1728.0
294,2019,All others,All others,NLD,Netherlands,26.0,34.0,0.0,60.0,23.0,19.0,0.0,42.0,102.0
295,2019,COD,Dem. Rep. of the Congo,FRA,France,2.0,10.0,0.0,12.0,5.0,11.0,0.0,16.0,28.0
296,2019,AFG,Afghanistan,NLD,Netherlands,0.0,0.0,0.0,0.0,0.0,4.0,0.0,4.0,4.0
297,2019,SYR,Syrian Arab Rep.,SWE,Sweden,634.0,538.0,23.0,1195.0,702.0,549.0,29.0,1280.0,2475.0
298,2019,SYR,Syrian Arab Rep.,NLD,Netherlands,188.0,243.0,12.0,443.0,275.0,263.0,12.0,550.0,993.0
299,2019,SOM,Somalia,CAN,Canada,574.0,648.0,26.0,1248.0,577.0,473.0,26.0,1076.0,2324.0
300,2019,SYR,Syrian Arab Rep.,ESP,Spain,267.0,238.0,7.0,512.0,303.0,262.0,5.0,570.0,1082.0
301,2019,IRQ,Iraq,PRT,Portugal,55.0,73.0,8.0,136.0,63.0,64.0,2.0,129.0,265.0
302,2019,IRN,Iran (Islamic Rep. of),KOR,Rep. of Korea,1.0,4.0,0.0,5.0,0.0,2.0,0.0,2.0,7.0
303,2019,ERI,Eritrea,MLT,Malta,0.0,1.0,0.0,1.0,0.0,0.0,0.0,0.0,1.0
304,2019,ERI,Eritrea,DEU,Germany,13.0,16.0,0.0,29.0,14.0,40.0,1.0,55.0,84.0
305,2019,COD,Dem. Rep. of the Congo,SWE,Sweden,138.0,115.0,3.0,256.0,146.0,94.0,7.0,247.0,503.0
306,2019,SDN,Sudan,AUS,Australia,0.0,0.0,0.0,0.0,0.0,2.0,0.0,2.0,2.0
307,2019,All others,All others,SWE,Sweden,211.0,224.0,2.0,437.0,210.0,207.0,2.0,419.0,857.0
308,2019,COD,Dem. Rep. of the Congo,GBR,United Kingdom of Great Britain and Northern Ireland,3.0,3.0,0.0,6.0,5.0,7.0,0.0,12.0,18.0
309,2019,SYR,Syrian Arab Rep.,CAN,Canada,1658.0,1351.0,49.0,3058.0,2004.0,1401.0,53.0,3458.0,6516.0
310,2019,SYR,Syrian Arab Rep.,USA,United States of America,115.0,3.0,0.0,118.0,102.0,4.0,0.0,106.0,224.0
311,2019,SYR,Syrian Arab Rep.,NOR,Norway,403.0,345.0,12.0,760.0,522.0,339.0,6.0,867.0,1627.0
312,2019,SYR,Syrian Arab Rep.,EST,Estonia,1.0,2.0,0.0,3.0,0.0,2.0,0.0,2.0,5.0
313,2019,IRQ,Iraq,CAN,Canada,101.0,160.0,17.0,278.0,113.0,168.0,18.0,299.0,577.0
314,2019,IRN,Iran (Islamic Rep. of),NLD,Netherlands,0.0,2.0,0.0,2.0,0.0,0.0,0.0,0.0,2.0
315,2019,SDN,Sudan,SWE,Sweden,81.0,65.0,2.0,148.0,112.0,90.0,1.0,203.0,351.0
316,2019,COD,Dem. Rep. of the Congo,USA,United States of America,3360.0,2643.0,183.0,6186.0,3419.0,2604.0,138.0,6161.0,12347.0
317,2019,MMR,Myanmar,KOR,Rep. of Korea,12.0,24.0,0.0,36.0,14.0,9.0,1.0,24.0,60.0
318,2019,SYR,Syrian Arab Rep.,CHE,Switzerland,263.0,230.0,4.0,497.0,343.0,229.0,4.0,576.0,1073.0
319,2019,SYR,Syrian Arab Rep.,NZL,New Zealand,8.0,3.0,1.0,12.0,5.0,3.0,0.0,8.0,20.0
320,2019,SOM,Somalia,DNK,Denmark,4.0,4.0,0.0,8.0,0.0,2.0,0.0,2.0,10.0
321,2019,SDN,Sudan,USA,United States of America,23.0,7.0,0.0,30.0,32.0,5.0,0.0,37.0,67.0
322,2019,ERI,Eritrea,AUS,Australia,49.0,55.0,2.0,106.0,34.0,34.0,2.0,70.0,176.0
323,2019,All others,All others,CAN,Canada,489.0,571.0,21.0,1081.0,510.0,546.0,13.0,1070.0,2151.0
324,2019,COD,Dem. Rep. of the Congo,NOR,Norway,306.0,370.0,8.0,684.0,323.0,243.0,4.0,570.0,1254.0
325,2019,COD,Dem. Rep. of the Congo,DEU,Germany,40.0,29.0,1.0,70.0,41.0,22.0,0.0,63.0,133.0
326,2019,SYR,Syrian Arab Rep.,PRT,Portugal,115.0,115.0,3.0,233.0,162.0,140.0,4.0,306.0,539.0
327,2019,SDN,Sudan,DEU,Germany,118.0,115.0,1.0,234.0,128.0,90.0,3.0,221.0,455.0
328,2019,All others,All others,FRA,France,197.0,194.0,4.0,395.0,147.0,152.0,5.0,304.0,700.0
329,2019,IRN,Iran (Islamic Rep. of),USA,United States of America,3.0,4.0,0.0,7.0,3.0,4.0,0.0,7.0,14.0
330,2019,ERI,Eritrea,PRT,Portugal,0.0,1.0,0.0,1.0,1.0,0.0,0.0,1.0,2.0
331,2019,MMR,Myanmar,CAN,Canada,35.0,38.0,2.0,75.0,27.0,37.0,1.0,65.0,140.0
332,2019,All others,All others,LUX,Luxembourg,0.0,1.0,0.0,1.0,0.0,2.0,0.0,2.0,3.0
333,2019,BTN,Bhutan,AUS,Australia,0.0,0.0,0.0,0.0,1.0,1.0,0.0,2.0,2.0
334,2019,SOM,Somalia,GBR,United Kingdom of Great Britain and Northern Ireland,66.0,108.0,2.0,176.0,75.0,46.0,0.0,121.0,297.0
335,2019,SYR,Syrian Arab Rep.,HRV,Croatia,10.0,8.0,1.0,19.0,15.0,7.0,0.0,22.0,41.0
336,2019,IRQ,Iraq,GBR,United Kingdom of Great Britain and Northern Ireland,44.0,59.0,6.0,109.0,52.0,43.0,1.0,96.0,205.0
337,2019,IRQ,Iraq,AUS,Australia,225.0,413.0,53.0,691.0,226.0,387.0,47.0,660.0,1351.0
338,2019,IRN,Iran (Islamic Rep. of),JPN,Japan,0.0,2.0,0.0,2.0,0.0,0.0,0.0,0.0,2.0
339,2019,All others,All others,PRT,Portugal,5.0,15.0,0.0,20.0,11.0,4.0,0.0,15.0,35.0
340,2019,AFG,Afghanistan,NOR,Norway,0.0,0.0,0.0,0.0,0.0,1.0,0.0,1.0,1.0
341,2019,SOM,Somalia,MLT,Malta,0.0,1.0,0.0,1.0,0.0,0.0,0.0,0.0,1.0
342,2019,IRQ,Iraq,SWE,Sweden,3.0,5.0,0.0,8.0,2.0,5.0,1.0,8.0,16.0
343,2019,IRQ,Iraq,IRL,Ireland,2.0,5.0,1.0,8.0,4.0,4.0,1.0,9.0,17.0
344,2019,ERI,Eritrea,NLD,Netherlands,12.0,21.0,0.0,33.0,14.0,40.0,0.0,54.0,87.0
345,2019,AFG,Afghanistan,NZL,New Zealand,35.0,35.0,2.0,72.0,40.0,28.0,0.0,68.0,140.0
346,2019,AFG,Afghanistan,FIN,Finland,1.0,1.0,0.0,2.0,2.0,1.0,0.0,3.0,5.0
347,2019,SYR,Syrian Arab Rep.,FIN,Finland,137.0,131.0,9.0,277.0,145.0,135.0,6.0,286.0,563.0
348,2019,ERI,Eritrea,NOR,Norway,22.0,61.0,0.0,83.0,25.0,38.0,0.0,63.0,146.0
349,2019,All others,All others,BRA,Brazil,5.0,14.0,0.0,19.0,14.0,12.0,0.0,26.0,45.0
350,2019,AFG,Afghanistan,SWE,Sweden,24.0,47.0,3.0,74.0,22.0,10.0,2.0,34.0,108.0
351,2019,AFG,Afghanistan,FRA,France,0.0,2.0,0.0,2.0,1.0,6.0,0.0,7.0,9.0
352,2019,SOM,Somalia,FIN,Finland,3.0,25.0,0.0,28.0,3.0,15.0,0.0,18.0,46.0
353,2019,SYR,Syrian Arab Rep.,FRA,France,431.0,341.0,10.0,782.0,474.0,354.0,10.0,838.0,1620.0
354,2019,IRQ,Iraq,ESP,Spain,0.0,1.0,0.0,1.0,0.0,0.0,0.0,0.0,1.0
355,2019,IRN,Iran (Islamic Rep. of),SWE,Sweden,0.0,1.0,0.0,1.0,2.0,2.0,0.0,4.0,5.0
356,2019,ERI,Eritrea,NZL,New Zealand,30.0,21.0,0.0,51.0,25.0,14.0,0.0,39.0,90.0
357,2019,IRN,Iran (Islamic Rep. of),FIN,Finland,0.0,0.0,0.0,0.0,0.0,3.0,0.0,3.0,3.0
358,2019,All others,All others,FIN,Finland,6.0,6.0,0.0,12.0,5.0,13.0,1.0,19.0,31.0
359,2019,AFG,Afghanistan,USA,United States of America,1184.0,1275.0,51.0,2510.0,1333.0,998.0,41.0,2372.0,4882.0
360,2019,AFG,Afghanistan,GBR,United Kingdom of Great Britain and Northern Ireland,33.0,55.0,5.0,93.0,41.0,40.0,6.0,87.0,180.0
361,2019,SYR,Syrian Arab Rep.,ROU,Romania,50.0,45.0,5.0,100.0,57.0,38.0,3.0,98.0,198.0
362,2019,SOM,Somalia,FRA,France,14.0,33.0,0.0,47.0,19.0,18.0,0.0,37.0,84.0
363,2019,SYR,Syrian Arab Rep.,GBR,United Kingdom of Great Britain and Northern Ireland,441.0,588.0,34.0,1063.0,589.0,525.0,48.0,1162.0,2225.0
364,2019,SOM,Somalia,AUS,Australia,7.0,2.0,0.0,9.0,7.0,0.0,0.0,7.0,16.0
365,2019,IRN,Iran (Islamic Rep. of),FRA,France,0.0,2.0,0.0,2.0,0.0,2.0,0.0,2.0,4.0
366,2019,SDN,Sudan,ESP,Spain,1.0,5.0,1.0,7.0,3.0,3.0,0.0,6.0,13.0
367,2019,All others,All others,JPN,Japan,1.0,1.0,0.0,2.0,0.0,1.0,0.0,1.0,3.0
368,2019,AFG,Afghanistan,AUS,Australia,61.0,97.0,6.0,164.0,75.0,96.0,5.0,176.0,341.0
369,2019,SYR,Syrian Arab Rep.,BEL,Belgium,170.0,188.0,9.0,367.0,199.0,171.0,7.0,377.0,744.0
370,2019,SOM,Somalia,PRT,Portugal,0.0,1.0,0.0,1.0,1.0,2.0,0.0,3.0,4.0
371,2019,ERI,Eritrea,SWE,Sweden,36.0,67.0,1.0,104.0,146.0,187.0,0.0,333.0,437.0
372,2019,ERI,Eritrea,LUX,Luxembourg,2.0,4.0,0.0,6.0,2.0,13.0,0.0,15.0,21.0
373,2019,SDN,Sudan,NZL,New Zealand,5.0,4.0,0.0,9.0,10.0,5.0,0.0,15.0,24.0
374,2019,SDN,Sudan,FIN,Finland,3.0,7.0,0.0,10.0,1.0,13.0,0.0,14.0,24.0
375,2019,All others,All others,NZL,New Zealand,115.0,148.0,8.0,271.0,138.0,141.0,6.0,285.0,556.0
376,2019,BTN,Bhutan,USA,United States of America,2.0,0.0,0.0,2.0,3.0,0.0,0.0,3.0,5.0
377,2019,AFG,Afghanistan,CAN,Canada,45.0,65.0,3.0,113.0,44.0,39.0,5.0,88.0,201.0
378,2019,SOM,Somalia,LUX,Luxembourg,0.0,8.0,0.0,8.0,1.0,9.0,0.0,10.0,18.0
379,2019,SYR,Syrian Arab Rep.,IRL,Ireland,199.0,193.0,3.0,395.0,261.0,189.0,6.0,456.0,851.0
380,2019,ERI,Eritrea,USA,United States of America,342.0,339.0,9.0,690.0,432.0,287.0,6.0,725.0,1415.0
381,2019,ERI,Eritrea,ESP,Spain,1.0,5.0,0.0,6.0,2.0,6.0,0.0,8.0,14.0
382,2019,SDN,Sudan,FRA,France,172.0,157.0,8.0,337.0,177.0,160.0,5.0,342.0,679.0
383,2019,All others,All others,USA,United States of America,945.0,1008.0,33.0,1986.0,982.0,911.0,22.0,1915.0,3901.0
384,2019,SOM,Somalia,NLD,Netherlands,13.0,14.0,0.0,27.0,9.0,8.0,0.0,17.0,44.0
385,2019,SOM,Somalia,DEU,Germany,197.0,166.0,4.0,367.0,184.0,119.0,4.0,307.0,674.0
386,2019,IRQ,Iraq,USA,United States of America,24.0,3.0,0.0,27.0,39.0,4.0,0.0,43.0,70.0
387,2019,IRN,Iran (Islamic Rep. of),AUS,Australia,6.0,51.0,0.0,57.0,5.0,64.0,1.0,70.0,128.0
388,2019,SDN,Sudan,GBR,United Kingdom of Great Britain and Northern Ireland,55.0,42.0,1.0,98.0,67.0,26.0,0.0,93.0,191.0
389,2019,MMR,Myanmar,NOR,Norway,1.0,1.0,0.0,2.0,0.0,4.0,0.0,4.0,6.0
390,2019,All others,All others,AUS,Australia,396.0,458.0,22.0,876.0,435.0,437.0,14.0,888.0,1765.0
391,2019,COD,Dem. Rep. of the Congo,CAN,Canada,425.0,458.0,30.0,913.0,412.0,363.0,25.0,800.0,1713.0
392,2019,SOM,Somalia,NOR,Norway,7.0,5.0,0.0,12.0,6.0,4.0,0.0,10.0,23.0
393,2019,MMR,Myanmar,AUS,Australia,62.0,98.0,2.0,162.0,54.0,54.0,3.0,111.0,273.0
394,2019,IRQ,Iraq,NLD,Netherlands,0.0,1.0,0.0,1.0,1.0,5.0,0.0,6.0,7.0
395,2019,IRQ,Iraq,DNK,Denmark,0.0,0.0,0.0,0.0,0.0,1.0,0.0,1.0,1.0
396,2019,IRN,Iran (Islamic Rep. of),CAN,Canada,13.0,60.0,3.0,76.0,7.0,44.0,1.0,52.0,128.0
397,2019,SDN,Sudan,LUX,Luxembourg,0.0,0.0,0.0,0.0,0.0,8.0,0.0,8.0,8.0
398,2019,All others,All others,DNK,Denmark,0.0,1.0,0.0,1.0,0.0,0.0,0.0,0.0,1.0
399,2019,SYR,Syrian Arab Rep.,DEU,Germany,2030.0,1765.0,164.0,3959.0,2294.0,1604.0,104.0,4002.0,7961.0
400,2019,SOM,Somalia,NZL,New Zealand,13.0,17.0,0.0,30.0,9.0,1.0,0.0,10.0,40.0
401,2019,IRQ,Iraq,NOR,Norway,0.0,0.0,0.0,0.0,0.0,4.0,0.0,4.0,4.0
402,2019,IRN,Iran (Islamic Rep. of),ESP,Spain,0.0,17.0,1.0,18.0,1.0,64.0,0.0,65.0,83.0
403,2019,All others,All others,GBR,United Kingdom of Great Britain and Northern Ireland,63.0,85.0,4.0,152.0,67.0,79.0,2.0,148.0,300.0
404,2019,AFG,Afghanistan,KOR,Rep. of Korea,0.0,0.0,0.0,0.0,0.0,1.0,0.0,1.0,1.0
405,2019,SYR,Syrian Arab Rep.,MLT,Malta,7.0,4.0,0.0,11.0,3.0,3.0,0.0,6.0,17.0
406,2019,IRQ,Iraq,NZL,New Zealand,0.0,0.0,0.0,0.0,3.0,1.0,0.0,4.0,4.0
407,2019,IRN,Iran (Islamic Rep. of),GBR,United Kingdom of Great Britain and Northern Ireland,1.0,2.0,0.0,3.0,2.0,0.0,0.0,2.0,5.0
408,2019,ERI,Eritrea,ITA,Italy,1.0,1.0,0.0,2.0,0.0,1.0,0.0,1.0,3.0
409,2019,MMR,Myanmar,GBR,United Kingdom of Great Britain and Northern Ireland,2.0,1.0,0.0,3.0,1.0,3.0,0.0,4.0,7.0
410,2019,All others,All others,NOR,Norway,222.0,156.0,3.0,381.0,218.0,87.0,1.0,306.0,687.0
411,2019,SYR,Syrian Arab Rep.,BGR,Bulgaria,41.0,39.0,0.0,80.0,49.0,39.0,0.0,88.0,168.0
412,2019,SOM,Somalia,SWE,Sweden,192.0,167.0,7.0,366.0,186.0,98.0,2.0,286.0,652.0
413,2019,SDN,Sudan,PRT,Portugal,12.0,8.0,0.0,20.0,7.0,6.0,1.0,14.0,34.0
414,2019,MMR,Myanmar,JPN,Japan,7.0,16.0,0.0,23.0,6.0,6.0,0.0,12.0,35.0
415,2019,All others,All others,URY,Uruguay,3.0,7.0,0.0,10.0,3.0,7.0,0.0,10.0,20.0
416,2019,COD,Dem. Rep. of the Congo,AUS,Australia,722.0,580.0,32.0,1340.0,755.0,565.0,26.0,1346.0,2686.0
417,2019,SOM,Somalia,USA,United States of America,61.0,20.0,1.0,82.0,60.0,12.0,1.0,73.0,155.0
418,2019,ERI,Eritrea,FIN,Finland,1.0,15.0,0.0,16.0,2.0,58.0,0.0,60.0,77.0
419,2019,SDN,Sudan,CAN,Canada,116.0,130.0,2.0,248.0,134.0,183.0,7.0,324.0,572.0
420,2019,SYR,Syrian Arab Rep.,ARG,Argentina,2.0,0.0,0.0,2.0,3.0,0.0,0.0,3.0,5.0
421,2019,SYR,Syrian Arab Rep.,ITA,Italy,114.0,84.0,3.0,201.0,119.0,88.0,2.0,209.0,410.0
422,2019,IRQ,Iraq,DEU,Germany,11.0,24.0,4.0,39.0,21.0,21.0,3.0,45.0,84.0
423,2019,ERI,Eritrea,FRA,France,8.0,27.0,0.0,35.0,13.0,138.0,0.0,151.0,186.0
424,2019,SDN,Sudan,CHE,Switzerland,0.0,0.0,0.0,0.0,3.0,0.0,0.0,3.0,3.0
425,2019,MMR,Myanmar,NZL,New Zealand,33.0,24.0,0.0,57.0,28.0,19.0,1.0,48.0,105.0
426,2019,All others,All others,DEU,Germany,73.0,63.0,7.0,143.0,71.0,34.0,1.0,106.0,249.0
427,2019,SYR,Syrian Arab Rep.,AUS,Australia,80.0,63.0,4.0,147.0,93.0,60.0,3.0,156.0,303.0
428,2019,IRQ,Iraq,FIN,Finland,0.0,0.0,0.0,0.0,0.0,3.0,0.0,3.0,3.0
429,2019,ERI,Eritrea,GBR,United Kingdom of Great Britain and Northern Ireland,14.0,30.0,0.0,44.0,16.0,19.0,0.0,35.0,79.0
430,2019,ERI,Eritrea,CAN,Canada,45.0,91.0,2.0,138.0,50.0,113.0,2.0,165.0,303.0
431,2019,SDN,Sudan,NLD,Netherlands,56.0,53.0,1.0,110.0,47.0,36.0,1.0,84.0,194.0
432,2019,MMR,Myanmar,SWE,Sweden,1.0,1.0,0.0,2.0,1.0,1.0,0.0,2.0,4.0
433,2020,AFG,Afghanistan,USA,United States of America,4.0,4.0,0.0,8.0,11.0,1.0,0.0,12.0,20.0
434,2020,AFG,Afghanistan,ISL,Iceland,6.0,8.0,0.0,14.0,7.0,3.0,0.0,10.0,24.0
435,2020,SYR,Syrian Arab Rep.,ROU,Romania,12.0,7.0,0.0,19.0,18.0,9.0,0.0,27.0,46.0
436,2020,SOM,Somalia,FRA,France,2.0,4.0,0.0,6.0,3.0,5.0,0.0,8.0,14.0
437,2020,SYR,Syrian Arab Rep.,GBR,United Kingdom of Great Britain and Northern Ireland,126.0,193.0,10.0,329.0,185.0,177.0,11.0,373.0,702.0
438,2020,SOM,Somalia,AUS,Australia,8.0,1.0,0.0,9.0,10.0,1.0,0.0,11.0,20.0
439,2020,SYR,Syrian Arab Rep.,DEU,Germany,276.0,225.0,11.0,512.0,323.0,202.0,7.0,532.0,1044.0
440,2020,IRN,Iran (Islamic Rep. of),USA,United States of America,1.0,0.0,0.0,1.0,2.0,0.0,0.0,2.0,3.0
441,2020,MMR,Myanmar,CAN,Canada,11.0,25.0,1.0,37.0,20.0,28.0,0.0,48.0,85.0
442,2020,All others,All others,URY,Uruguay,0.0,0.0,0.0,0.0,0.0,0.0,0.0,0.0,0.0
443,2020,SOM,Somalia,GBR,United Kingdom of Great Britain and Northern Ireland,22.0,34.0,2.0,58.0,22.0,26.0,2.0,50.0,108.0
444,2020,IRQ,Iraq,GBR,United Kingdom of Great Britain and Northern Ireland,0.0,0.0,0.0,0.0,2.0,0.0,0.0,2.0,2.0
445,2020,IRQ,Iraq,AUS,Australia,58.0,101.0,12.0,171.0,74.0,95.0,6.0,175.0,346.0
446,2020,AFG,Afghanistan,NOR,Norway,1.0,1.0,0.0,2.0,2.0,0.0,0.0,2.0,4.0
447,2020,AFG,Afghanistan,CHE,Switzerland,14.0,10.0,1.0,25.0,10.0,5.0,1.0,16.0,41.0
448,2020,ERI,Eritrea,NLD,Netherlands,9.0,11.0,0.0,20.0,9.0,10.0,0.0,19.0,39.0
449,2020,All others,All others,BRA,Brazil,0.0,0.0,0.0,0.0,0.0,0.0,0.0,0.0,0.0
450,2020,AFG,Afghanistan,NZL,New Zealand,22.0,37.0,0.0,59.0,44.0,23.0,1.0,68.0,127.0
451,2020,AFG,Afghanistan,FIN,Finland,3.0,1.0,1.0,5.0,0.0,0.0,0.0,0.0,5.0
452,2020,SYR,Syrian Arab Rep.,FIN,Finland,79.0,77.0,1.0,157.0,105.0,84.0,1.0,190.0,347.0
453,2020,IRN,Iran (Islamic Rep. of),NZL,New Zealand,2.0,2.0,0.0,4.0,0.0,1.0,0.0,1.0,5.0
454,2020,ERI,Eritrea,NOR,Norway,18.0,24.0,0.0,42.0,18.0,23.0,0.0,41.0,83.0
455,2020,All others,All others,FIN,Finland,8.0,9.0,0.0,17.0,6.0,8.0,1.0,15.0,32.0
456,2020,AFG,Afghanistan,SWE,Sweden,3.0,1.0,0.0,4.0,0.0,0.0,0.0,0.0,4.0
457,2020,AFG,Afghanistan,FRA,France,1.0,1.0,0.0,2.0,2.0,2.0,0.0,4.0,6.0
458,2020,SOM,Somalia,FIN,Finland,6.0,5.0,0.0,11.0,6.0,5.0,0.0,11.0,22.0
459,2020,SYR,Syrian Arab Rep.,FRA,France,313.0,262.0,7.0,582.0,378.0,266.0,4.0,648.0,1230.0
460,2020,IRN,Iran (Islamic Rep. of),CHE,Switzerland,2.0,3.0,0.0,5.0,1.0,8.0,0.0,9.0,14.0
461,2020,IRN,Iran (Islamic Rep. of),SWE,Sweden,0.0,1.0,0.0,1.0,2.0,1.0,0.0,3.0,4.0
462,2020,ERI,Eritrea,NZL,New Zealand,3.0,1.0,0.0,4.0,2.0,2.0,0.0,4.0,8.0
463,2020,MMR,Myanmar,AUS,Australia,17.0,15.0,3.0,35.0,20.0,18.0,2.0,40.0,75.0
464,2020,All others,All others,NLD,Netherlands,4.0,4.0,0.0,8.0,7.0,0.0,0.0,7.0,15.0
465,2020,SDN,Sudan,ESP,Spain,1.0,0.0,0.0,1.0,0.0,0.0,0.0,0.0,1.0
466,2020,All others,All others,SWE,Sweden,32.0,25.0,0.0,57.0,31.0,19.0,0.0,50.0,107.0
467,2020,AFG,Afghanistan,AUS,Australia,70.0,115.0,6.0,191.0,88.0,93.0,7.0,188.0,379.0
468,2020,SYR,Syrian Arab Rep.,BEL,Belgium,0.0,0.0,0.0,0.0,1.0,0.0,0.0,1.0,1.0
469,2020,ERI,Eritrea,SWE,Sweden,48.0,81.0,0.0,129.0,89.0,76.0,1.0,166.0,295.0
470,2020,SDN,Sudan,FIN,Finland,0.0,0.0,0.0,0.0,1.0,1.0,0.0,2.0,2.0
471,2020,AFG,Afghanistan,CAN,Canada,23.0,37.0,0.0,60.0,26.0,27.0,2.0,55.0,115.0
472,2020,SYR,Syrian Arab Rep.,IRL,Ireland,57.0,48.0,0.0,105.0,59.0,41.0,0.0,100.0,205.0
473,2020,SOM,Somalia,CHE,Switzerland,0.0,1.0,0.0,1.0,0.0,2.0,0.0,2.0,3.0
474,2020,ERI,Eritrea,USA,United States of America,0.0,0.0,0.0,0.0,2.0,0.0,0.0,2.0,2.0
475,2020,SDN,Sudan,FRA,France,40.0,35.0,3.0,78.0,27.0,24.0,1.0,52.0,130.0
476,2020,All others,All others,AUS,Australia,169.0,260.0,12.0,441.0,180.0,216.0,4.0,400.0,841.0
477,2020,SOM,Somalia,NLD,Netherlands,19.0,15.0,0.0,34.0,20.0,7.0,1.0,28.0,62.0
478,2020,SOM,Somalia,DEU,Germany,13.0,22.0,1.0,36.0,6.0,20.0,0.0,26.0,62.0
479,2020,IRQ,Iraq,USA,United States of America,8.0,0.0,0.0,8.0,10.0,0.0,0.0,10.0,18.0
480,2020,IRQ,Iraq,CHE,Switzerland,7.0,13.0,2.0,22.0,11.0,13.0,2.0,26.0,48.0
481,2020,IRN,Iran (Islamic Rep. of),AUS,Australia,0.0,2.0,0.0,2.0,0.0,2.0,0.0,2.0,4.0
482,2020,SDN,Sudan,GBR,United Kingdom of Great Britain and Northern Ireland,2.0,1.0,0.0,3.0,4.0,1.0,0.0,5.0,8.0
483,2020,All others,All others,DEU,Germany,37.0,36.0,0.0,73.0,31.0,24.0,0.0,55.0,128.0
484,2020,COD,Dem. Rep. of the Congo,CAN,Canada,159.0,171.0,12.0,342.0,171.0,146.0,14.0,331.0,673.0
485,2020,SOM,Somalia,NOR,Norway,30.0,30.0,1.0,61.0,13.0,13.0,0.0,26.0,87.0
486,2020,IRQ,Iraq,NLD,Netherlands,0.0,1.0,0.0,1.0,0.0,0.0,0.0,0.0,1.0
487,2020,IRN,Iran (Islamic Rep. of),CAN,Canada,2.0,5.0,0.0,7.0,1.0,2.0,1.0,4.0,11.0
488,2020,All others,All others,ISL,Iceland,0.0,4.0,0.0,4.0,3.0,3.0,0.0,6.0,10.0
489,2020,SOM,Somalia,NZL,New Zealand,35.0,44.0,2.0,81.0,37.0,18.0,1.0,56.0,137.0
490,2020,ERI,Eritrea,GBR,United Kingdom of Great Britain and Northern Ireland,2.0,0.0,0.0,2.0,0.0,0.0,0.0,0.0,2.0
491,2020,ERI,Eritrea,CAN,Canada,34.0,73.0,1.0,108.0,52.0,97.0,2.0,151.0,259.0
492,2020,All others,All others,NZL,New Zealand,60.0,65.0,1.0,126.0,65.0,58.0,0.0,123.0,249.0
493,2020,IRQ,Iraq,NZL,New Zealand,6.0,6.0,0.0,12.0,7.0,9.0,0.0,16.0,28.0
494,2020,MMR,Myanmar,GBR,United Kingdom of Great Britain and Northern Ireland,0.0,0.0,0.0,0.0,0.0,4.0,0.0,4.0,4.0
495,2020,SOM,Somalia,SWE,Sweden,2.0,1.0,0.0,3.0,4.0,1.0,0.0,5.0,8.0
496,2020,COD,Dem. Rep. of the Congo,ISL,Iceland,0.0,1.0,0.0,1.0,1.0,1.0,0.0,2.0,3.0
497,2020,COD,Dem. Rep. of the Congo,AUS,Australia,178.0,129.0,9.0,316.0,157.0,43.0,2.0,202.0,518.0
498,2020,SOM,Somalia,USA,United States of America,27.0,4.0,0.0,31.0,17.0,1.0,1.0,19.0,50.0
499,2020,SYR,Syrian Arab Rep.,ISL,Iceland,12.0,11.0,0.0,23.0,12.0,11.0,0.0,23.0,46.0
500,2020,ERI,Eritrea,FIN,Finland,1.0,0.0,0.0,1.0,1.0,1.0,0.0,2.0,3.0
501,2020,SDN,Sudan,CAN,Canada,55.0,53.0,2.0,110.0,53.0,82.0,1.0,136.0,246.0
502,2020,All others,All others,CHE,Switzerland,7.0,7.0,0.0,14.0,3.0,6.0,0.0,9.0,23.0
503,2020,SYR,Syrian Arab Rep.,ARG,Argentina,0.0,0.0,0.0,0.0,1.0,0.0,0.0,1.0,1.0
504,2020,SYR,Syrian Arab Rep.,ITA,Italy,11.0,17.0,0.0,28.0,27.0,22.0,0.0,49.0,77.0
505,2020,ERI,Eritrea,FRA,France,2.0,5.0,0.0,7.0,0.0,19.0,0.0,19.0,26.0
506,2020,SDN,Sudan,CHE,Switzerland,16.0,21.0,0.0,37.0,20.0,25.0,0.0,45.0,82.0
507,2020,MMR,Myanmar,NZL,New Zealand,21.0,21.0,0.0,42.0,21.0,21.0,0.0,42.0,84.0
508,2020,All others,All others,GBR,United Kingdom of Great Britain and Northern Ireland,1.0,4.0,0.0,5.0,2.0,6.0,0.0,8.0,13.0
509,2020,SYR,Syrian Arab Rep.,AUS,Australia,144.0,107.0,8.0,259.0,171.0,98.0,2.0,271.0,530.0
510,2020,All others,All others,NOR,Norway,90.0,65.0,0.0,155.0,66.0,30.0,0.0,96.0,251.0
511,2020,COD,Dem. Rep. of the Congo,FIN,Finland,44.0,39.0,0.0,83.0,48.0,33.0,1.0,82.0,165.0
512,2020,SYR,Syrian Arab Rep.,DNK,Denmark,8.0,6.0,0.0,14.0,11.0,6.0,0.0,17.0,31.0
513,2020,ERI,Eritrea,CHE,Switzerland,2.0,6.0,0.0,8.0,6.0,2.0,0.0,8.0,16.0
514,2020,SDN,Sudan,NOR,Norway,23.0,15.0,0.0,38.0,15.0,20.0,0.0,35.0,73.0
515,2020,COD,Dem. Rep. of the Congo,NZL,New Zealand,0.0,1.0,0.0,1.0,0.0,0.0,0.0,0.0,1.0
516,2020,MMR,Myanmar,USA,United States of America,19.0,0.0,0.0,19.0,18.0,1.0,0.0,19.0,38.0
517,2020,All others,All others,USA,United States of America,61.0,82.0,3.0,146.0,65.0,65.0,5.0,135.0,281.0
518,2020,COD,Dem. Rep. of the Congo,FRA,France,11.0,9.0,0.0,20.0,16.0,5.0,0.0,21.0,41.0
519,2020,SYR,Syrian Arab Rep.,SWE,Sweden,233.0,229.0,18.0,480.0,273.0,227.0,9.0,509.0,989.0
520,2020,SYR,Syrian Arab Rep.,NLD,Netherlands,149.0,161.0,6.0,316.0,155.0,194.0,6.0,355.0,671.0
521,2020,SOM,Somalia,ISL,Iceland,2.0,1.0,1.0,4.0,4.0,0.0,0.0,4.0,8.0
522,2020,SOM,Somalia,CAN,Canada,44.0,123.0,2.0,169.0,52.0,64.0,3.0,119.0,288.0
523,2020,SYR,Syrian Arab Rep.,ESP,Spain,0.0,0.0,0.0,0.0,1.0,0.0,0.0,1.0,1.0
524,2020,ERI,Eritrea,DEU,Germany,6.0,8.0,0.0,14.0,5.0,24.0,0.0,29.0,43.0
525,2020,COD,Dem. Rep. of the Congo,SWE,Sweden,11.0,16.0,1.0,28.0,21.0,14.0,0.0,35.0,63.0
526,2020,SDN,Sudan,AUS,Australia,0.0,0.0,0.0,0.0,0.0,1.0,0.0,1.0,1.0
527,2020,SYR,Syrian Arab Rep.,CAN,Canada,235.0,216.0,5.0,456.0,285.0,231.0,7.0,523.0,979.0
528,2020,SYR,Syrian Arab Rep.,USA,United States of America,3.0,3.0,0.0,6.0,4.0,0.0,0.0,4.0,10.0
529,2020,SYR,Syrian Arab Rep.,NOR,Norway,134.0,107.0,1.0,242.0,165.0,94.0,1.0,260.0,502.0
530,2020,IRQ,Iraq,CAN,Canada,23.0,30.0,5.0,58.0,20.0,32.0,3.0,55.0,113.0
531,2020,SDN,Sudan,SWE,Sweden,20.0,27.0,1.0,48.0,26.0,25.0,0.0,51.0,99.0
532,2020,COD,Dem. Rep. of the Congo,USA,United States of America,81.0,5.0,0.0,86.0,86.0,6.0,0.0,92.0,178.0
533,2020,All others,All others,CAN,Canada,153.0,210.0,5.0,368.0,162.0,161.0,4.0,327.0,695.0
534,2020,COD,Dem. Rep. of the Congo,NLD,Netherlands,0.0,1.0,0.0,1.0,0.0,0.0,0.0,0.0,1.0
535,2020,SYR,Syrian Arab Rep.,CHE,Switzerland,51.0,61.0,1.0,113.0,90.0,63.0,0.0,153.0,266.0
536,2020,SYR,Syrian Arab Rep.,NZL,New Zealand,1.0,0.0,0.0,1.0,2.0,0.0,0.0,2.0,3.0
537,2020,SDN,Sudan,USA,United States of America,2.0,0.0,0.0,2.0,3.0,0.0,0.0,3.0,5.0
538,2020,ERI,Eritrea,AUS,Australia,27.0,46.0,0.0,73.0,31.0,33.0,5.0,69.0,142.0
539,2020,All others,All others,FRA,France,96.0,72.0,3.0,171.0,76.0,58.0,0.0,134.0,305.0
540,2020,COD,Dem. Rep. of the Congo,NOR,Norway,109.0,129.0,3.0,241.0,126.0,117.0,1.0,244.0,485.0
541,2020,COD,Dem. Rep. of the Congo,DEU,Germany,25.0,20.0,0.0,45.0,24.0,26.0,0.0,50.0,95.0
542,2020,SYR,Syrian Arab Rep.,PRT,Portugal,1.0,0.0,0.0,1.0,0.0,0.0,0.0,0.0,1.0
543,2020,SDN,Sudan,DEU,Germany,25.0,22.0,0.0,47.0,22.0,7.0,0.0,29.0,77.0
544,,,,,,,,,,,,,,
545,"Some data presented may differ from statistics published previously due to retroactive changes or the inclusion of previously unavailable data. In addition, resettlement departure figures reported by UNHCR may not match resettlement statistics published by States as Government figures may include individuals who were resettled outside of UNHCR processes. More information about UNHCR's resettlement programe can be found at http://www.unhcr.org/resettlement.html.",,,,,,,,,,,,,
